RespondentID,EmployeeID
R001,SURV0502
R002,SURV0528
R003,SURV0239
R004,SURV0336
R005,SURV0213
R006,SURV0215
R007,SURV0338
R008,SURV0012
R009,SURV0387
R010,SURV0360
R011,SURV0385
R012,SURV0434
R013,SURV0445
R014,SURV0405
R015,SURV0523
R016,SURV0294
R017,SURV0311
R018,SURV0422
R019,SURV0506
R020,SURV0490
R021,SURV0048
R022,SURV0407
R023,SURV0403
R024,SURV0078
R025,SURV0281
R026,SURV0393
R027,SURV0410
R028,SURV0352
R029,SURV0079
R030,SURV0200
R031,SURV0372
R032,SURV0426
R033,SURV0459
R034,SURV0181
R035,SURV0067
R036,SURV0317
R037,SURV0094
R038,SURV0511
R039,SURV0228
R040,SURV0065
R041,SURV0485
R042,SURV0380
R043,SURV0233
R044,SURV0279
R045,SURV0041
R046,SURV0075
R047,SURV0507
R048,SURV0397
R049,SURV0472
R050,SURV0350
R051,SURV0120
R052,SURV0037
R053,SURV0255
R054,SURV0343
R055,SURV0226
R056,SURV0301
R057,SURV0049
R058,SURV0160
R059,SURV0443
R060,SURV0145
R061,SURV0234
R062,SURV0167
R063,SURV0123
R064,SURV0203
R065,SURV0480
R066,SURV0287
R067,SURV0373
R068,SURV0183
R069,SURV0081
R070,SURV0377
R071,SURV0052
R072,SURV0423
R073,SURV0487
R074,SURV0087
R075,SURV0315
R076,SURV0132
R077,SURV0126
R078,SURV0138
R079,SURV0298
R080,SURV0381
R081,SURV0179
R082,SURV0248
R083,SURV0444
R084,SURV0210
R085,SURV0414
R086,SURV0044
R087,SURV0273
R088,SURV0370
R089,SURV0519
R090,SURV0219
R091,SURV0154
R092,SURV0105
R093,SURV0092
R094,SURV0270
R095,SURV0057
R096,SURV0182
R097,SURV0481
R098,SURV0122
R099,SURV0363
R100,SURV0515
R101,SURV0451
R102,SURV0262
R103,SURV0374
R104,SURV0190
R105,SURV0291
R106,SURV0371
R107,SURV0191
R108,SURV0305
R109,SURV0375
R110,SURV0039
R111,SURV0140
R112,SURV0283
R113,SURV0346
R114,SURV0085
R115,SURV0053
R116,SURV0494
R117,SURV0195
R118,SURV0453
R119,SURV0476
R120,SURV0113
R121,SURV0199
R122,SURV0209
R123,SURV0331
R124,SURV0399
R125,SURV0269
R126,SURV0264
R127,SURV0157
R128,SURV0032
R129,SURV0471
R130,SURV0419
R131,SURV0133
R132,SURV0176
R133,SURV0220
R134,SURV0097
R135,SURV0252
R136,SURV0194
R137,SURV0356
R138,SURV0163
R139,SURV0295
R140,SURV0020
R141,SURV0104
R142,SURV0107
R143,SURV0224
R144,SURV0457
R145,SURV0111
R146,SURV0463
R147,SURV0274
R148,SURV0438
R149,SURV0100
R150,SURV0247
R151,SURV0430
R152,SURV0364
R153,SURV0206
R154,SURV0016
R155,SURV0231
R156,SURV0169
R157,SURV0334
R158,SURV0152
R159,SURV0307
R160,SURV0497
R161,SURV0188
R162,SURV0524
R163,SURV0243
R164,SURV0186
R165,SURV0027
R166,SURV0064
R167,SURV0467
R168,SURV0439
R169,SURV0417
R170,SURV0390
R171,SURV0339
R172,SURV0022
R173,SURV0029
R174,SURV0117
R175,SURV0238
R176,SURV0060
R177,SURV0325
R178,SURV0312
R179,SURV0136
R180,SURV0173
R181,SURV0321
R182,SURV0148
R183,SURV0327
R184,SURV0069
R185,SURV0258
R186,SURV0036
R187,SURV0498
R188,SURV0314
R189,SURV0024
R190,SURV0278
R191,SURV0223
R192,SURV0042
R193,SURV0128
R194,SURV0090
R195,SURV0267
R196,SURV0366
R197,SURV0071
R198,SURV0447
R199,SURV0115
R200,SURV0144
